SET SCHEMA 'ecopaula_production';

-- Insert into animal table
INSERT INTO animal (id, weight) VALUES
(1, 424.49),
(2, 381.11),
(3, 142.72),
(4, 367.60),
(5, 111.08),
(6, 203.36),
(7, 298.21),
(8, 322.91),
(9, 300.72),
(10, 195.18);

-- Insert into tray table
INSERT INTO tray (id, max_weight, part_type) VALUES
     (1, 65.79, 5),
     (2, 52.54, 19),
     (3, 68.33, 7),
     (4, 72.04, 8),
     (5, 76.71, 1),
     (6, 77.17, 20),
     (7, 72.01, 9),
     (8, 56.35, 9),
     (9, 99.97, 1),
     (10, 76.04, 18);

-- Insert into cut table
INSERT INTO cut (id, weight, part_type, animal_id, tray_id) VALUES
(1, 25.82, 13, 1, 1),
(2, 1.57, 1, 1, 1),
(3, 11.16, 8, 1, 1),
(4, 9.92, 11, 1, 1),
(5, 6.54, 20, 1, 1),
(6, 16.73, 19, 1, 1),
(7, 8.67, 9, 1, 1),
(8, 1.94, 2, 1, 1),
(9, 15.09, 8, 2, 2),
(10, 27.46, 8, 2, 2),
(11, 2.93, 20, 2, 2),
(12, 25.94, 11, 2, 2),
(13, 8.83, 14, 2, 2),
(14, 22.80, 10, 3, 3),
(15, 23.95, 20, 3, 3),
(16, 5.36, 10, 3, 3),
(17, 27.42, 9, 3, 3),
(18, 5.76, 5, 3, 3),
(19, 21.46, 12, 3, 3),
(20, 16.70, 20, 4, 4),
(21, 24.22, 11, 4, 4),
(22, 13.74, 13, 4, 4),
(23, 22.70, 19, 4, 4),
(24, 8.34, 7, 4, 4),
(25, 14.66, 2, 4, 4),
(26, 12.20, 16, 4, 4),
(27, 18.57, 19, 5, 5),
(28, 3.88, 12, 5, 5),
(29, 8.91, 11, 5, 5),
(30, 23.43, 6, 5, 5),
(31, 15.84, 3, 5, 5),
(32, 8.50, 13, 5, 5),
(33, 2.37, 15, 5, 5),
(34, 29.60, 12, 6, 6),
(35, 26.54, 5, 6, 6),
(36, 18.42, 13, 6, 6),
(37, 11.28, 2, 6, 6),
(38, 20.86, 19, 6, 6),
(39, 25.66, 9, 6, 6),
(40, 18.94, 9, 6, 6),
(41, 24.17, 20, 6, 6),
(42, 14.58, 8, 7, 7),
(43, 2.53, 8, 7, 7),
(44, 10.75, 11, 7, 7),
(45, 9.19, 17, 7, 7),
(46, 21.46, 11, 7, 7),
(47, 8.67, 2, 7, 7),
(48, 2.32, 10, 8, 8),
(49, 10.59, 18, 8, 8),
(50, 22.70, 10, 8, 8),
(51, 24.02, 16, 8, 8),
(52, 9.93, 19, 8, 8),
(53, 27.73, 10, 8, 8),
(54, 2.40, 10, 8, 8),
(55, 20.06, 18, 8, 8),
(56, 15.22, 4, 8, 8),
(57, 28.05, 2, 8, 8),
(58, 20.85, 15, 9, 9),
(59, 1.06, 13, 9, 9),
(60, 15.66, 11, 9, 9),
(61, 28.42, 13, 9, 9),
(62, 14.43, 4, 9, 9),
(63, 1.96, 18, 9, 9),
(64, 24.14, 1, 9, 9),
(65, 24.73, 2, 9, 9),
(66, 29.97, 18, 10, 10),
(67, 9.76, 7, 10, 10),
(68, 20.71, 6, 10, 10),
(69, 23.09, 19, 10, 10),
(70, 3.36, 14, 10, 10),
(71, 23.67, 12, 10, 10),
(72, 14.37, 12, 10, 10);



-- Insert into product table
INSERT INTO product (id, description) VALUES
(1, 'Halv gris - blandede udskæringer'),
(2, 'Svine ribben pakke til supermarkeder'),
(3, 'Svinekam udvalg'),
(4, 'Blandede svineudskæringer til ompakning'),
(5, 'Fuld svineskulder pakke');


-- Insert into trays_in_product table
INSERT INTO trays_in_product (tray_id, product_id) VALUES
(5, 1),
(4, 1),
(9, 1),
(6, 2),
(10, 2),
(8, 2),
(3, 2),
(9, 3),
(6, 3),
(2, 3),
(5, 3),
(7, 4),
(1, 4),
(8, 4),
(5, 4),
(2, 5),
(3, 5);
